case	expected	observed_exit	result
valid	PASS	0	PASS
valid-terminal	PASS	0	PASS
omitted-stage	MANDATORY_STAGE_MISMATCH	1	PASS
worker-stages	REQUEST_FIELD_NOT_PERMITTED:stages	1	PASS
declared-sha	OBSERVED_SOURCE_MISMATCH	1	PASS
swapped-controller	TRUSTED_TOOL_IDENTITY_MISMATCH	1	PASS
invalid-later-runtime	MISSING_INPUT:channel	1	PASS
wrong-package	kitchen-capture	1	PASS
multiple-pid	kitchen-capture	1	PASS
failed-producer	kitchen-capture	1	PASS
changed-pid	kitchen-capture	1	PASS
self-approved	SELF_APPROVED_DEPLOYMENT	1	PASS
build-blocked	PRODUCER_PREPARATION_BLOCKED	1	PASS
build-omitted	MANDATORY_STAGE_MISMATCH	1	PASS
missing-application	MISSING_INPUT:application	1	PASS
changed-kitchen-bytes	UNPUBLISHED_PROCEDURE_BYTES	1	PASS
mutable-predecessor	IMMUTABLE_PREDECESSOR_REQUIRED	1	PASS
wrong-procedure	TASK_DIGEST_MISMATCH	1	PASS
zero-stages	MANDATORY_STAGE_MISMATCH	1	PASS
arbitrary-target	UNREGISTERED_TARGET	1	PASS
no-op-supervisor	prepare	1	PASS
changed-plan-during-run	MATERIAL_CHANGED:plan	1	PASS
changed-profile-during-run	MATERIAL_CHANGED:profile	1	PASS
changed-runtime-during-run	MATERIAL_CHANGED:capture_runtime	1	PASS
repeated-attempts	DISTINCT_BOUND_ATTEMPTS	0	PASS
concurrent-attempts	DISTINCT_BOUND_ATTEMPTS	0	PASS
stale-receipt-changed-input	FRESH_BOUND_EXECUTION	0	PASS
partial-attempt-preserved	FAIL_WITHOUT_ARTIFACTS	1	PASS
