role	path	resolved	sha256	bytes
request	/workspace/scratch/abee77e7d011/android-qualification-6/valid/request.json	/workspace/scratch/abee77e7d011/android-qualification-6/valid/request.json	65ebf0320233bf9d3f407acd55c83166568c0abfb152ce6d5e43da5a01de5c2b	390
deployment	/workspace/scratch/abee77e7d011/android-qualification-6/valid/deployment.json	/workspace/scratch/abee77e7d011/android-qualification-6/valid/deployment.json	9f08ce972a7b84ae893126aa63f79e5cf8aa44912cf10147e88196c477420396	3169
implementation:/usr/bin/python3	/usr/bin/python3	/usr/bin/python3.12	a92f0f95e883390c7256b2e441484aac06b1002dbe1d924141a77c8d82f96223	8025024
implementation:/usr/local/bin/git	/usr/local/bin/git	/usr/local/bin/git	2dae8066ef4d6a926561b4b0eaca7b458d4f5b56bb83760656e6baa7fc3e974f	19135768
implementation:/workspace/scratch/8a7b03e54622/diagnostic-host/bounded-process	/workspace/scratch/8a7b03e54622/diagnostic-host/bounded-process	/workspace/scratch/8a7b03e54622/diagnostic-host/bounded-process	c237aa1010a702fda2aeaddd113f62bec286e8da2481f6da42b21a3c9dcb3c7f	10720
implementation:/workspace/scratch/abee77e7d011/aici-predecessor/android-diagnostic/check.pi	/workspace/scratch/abee77e7d011/aici-predecessor/android-diagnostic/check.pi	/workspace/scratch/abee77e7d011/aici-predecessor/android-diagnostic/check.pi	6f0a5d9bd49a0986f3350603083f971701b766859315c2f96470a934a52735c8	10171
implementation:/workspace/scratch/abee77e7d011/catfood-predecessor/android/profile.pi	/workspace/scratch/abee77e7d011/catfood-predecessor/android/profile.pi	/workspace/scratch/abee77e7d011/catfood-predecessor/android/profile.pi	fdcd75c5593bede7df5994b4d3a22524d378c135c47434de463ceafcde400243	6795
implementation:/workspace/scratch/abee77e7d011/flexible-pipes/scripts/android-build.ysh	/workspace/scratch/abee77e7d011/flexible-pipes/scripts/android-build.ysh	/workspace/scratch/abee77e7d011/flexible-pipes/scripts/android-build.ysh	f7522b16a0f163c473eb96fc5066c09ee3e65411b4c528adc19c9cdbb132e9ca	2317
implementation:/workspace/scratch/abee77e7d011/flexible-pipes/scripts/run-registered-operation.pi	/workspace/scratch/abee77e7d011/flexible-pipes/scripts/run-registered-operation.pi	/workspace/scratch/abee77e7d011/flexible-pipes/scripts/run-registered-operation.pi	fdfe91519bcdd8381ca94a752071d33b1548fb898095a9a6b10610e61020574c	31326
implementation:/workspace/scratch/abee77e7d011/fp2/.build/grease/bin/grease	/workspace/scratch/abee77e7d011/fp2/.build/grease/bin/grease	/workspace/scratch/abee77e7d011/fp2/.build/grease/bin/grease	5fbdbad50ff44eb5d0ce002ca4bfba5a85f565a07eaf90411e9802e3cc1be482	335
implementation:/workspace/scratch/abee77e7d011/ithon/Lib/ithon_frontend.py	/workspace/scratch/abee77e7d011/ithon/Lib/ithon_frontend.py	/workspace/scratch/abee77e7d011/ithon/Lib/ithon_frontend.py	bb87a17a618cfafe603f5b56a4d97be1960c084e7a341341418d9d86cd1a4c96	15726
implementation:/workspace/scratch/abee77e7d011/ithon/Lib/ithon_run.py	/workspace/scratch/abee77e7d011/ithon/Lib/ithon_run.py	/workspace/scratch/abee77e7d011/ithon/Lib/ithon_run.py	78ef65a128630b5960579d52402146bbbf54175fe6127f44f29f5f14e46ce682	3952
implementation:/workspace/scratch/abee77e7d011/ithon/Lib/ithon_static.py	/workspace/scratch/abee77e7d011/ithon/Lib/ithon_static.py	/workspace/scratch/abee77e7d011/ithon/Lib/ithon_static.py	f475d3e7bc6f537a83d0157a927c10228eded1b4fce7cb235b81a7d91247891d	25879
implementation:/workspace/scratch/abee77e7d011/ithon/ithon	/workspace/scratch/abee77e7d011/ithon/ithon	/workspace/scratch/abee77e7d011/ithon/ithon	fd446e7d1ba4956ec5fdba1a18c6fd67dc26bc12ff967972f4a0cc3cd5613ef3	493
implementation:/workspace/scratch/abee77e7d011/ithon/ithon_host.py	/workspace/scratch/abee77e7d011/ithon/ithon_host.py	/workspace/scratch/abee77e7d011/ithon/ithon_host.py	31428419871be0e1ba971ee57bd6018c55f456917ccbf403ad5befafb6456571	1044
implementation:/workspace/scratch/abee77e7d011/kitchen-predecessor/tasks/android-diagnostic/capture.pi	/workspace/scratch/abee77e7d011/kitchen-predecessor/tasks/android-diagnostic/capture.pi	/workspace/scratch/abee77e7d011/kitchen-predecessor/tasks/android-diagnostic/capture.pi	7faa056902283fbfebba2b3bbfe5a9e59697fb9b73b799cffcd2da58e9e5afb5	15741
source:README.md	/workspace/scratch/abee77e7d011/crystal/README.md	/workspace/scratch/abee77e7d011/crystal/README.md	beab6b33f3129fcb87206089ce6660cfc88a9f5bab3433d8839a736c3de28e8f	937
profile	/workspace/scratch/abee77e7d011/android-qualification-6/valid/profile.json	/workspace/scratch/abee77e7d011/android-qualification-6/valid/profile.json	6c2db87cbf3b83d5d472389a8b1ebc2ab5584108b2bfe4582b0f8fef39d7b8ba	63
capture_runtime	/workspace/scratch/abee77e7d011/android-qualification-6/valid/runtime.json	/workspace/scratch/abee77e7d011/android-qualification-6/valid/runtime.json	ce305e07aba855735f0ae1c30ef6c4d74079f74c635cc8f496e3b6d85cd674ea	556
plan	/workspace/scratch/abee77e7d011/android-qualification-6/valid/plan.json	/workspace/scratch/abee77e7d011/android-qualification-6/valid/plan.json	e061422f32b3ae4cb429cd62afd86e5b7f62a1ce790bf2c7bd5a1ad11f5d535e	789
launcher	/workspace/scratch/abee77e7d011/android-qualification-6/valid/rish	/workspace/scratch/abee77e7d011/android-qualification-6/valid/rish	6ce7b56b3a391e9c8d16aae238d465a1d0d65a7c9092b3a7cafcde79ff227f68	12720
bounded_process	/workspace/scratch/8a7b03e54622/diagnostic-host/bounded-process	/workspace/scratch/8a7b03e54622/diagnostic-host/bounded-process	c237aa1010a702fda2aeaddd113f62bec286e8da2481f6da42b21a3c9dcb3c7f	10720
dex	/workspace/scratch/abee77e7d011/android-qualification-6/valid/rish_shizuku.dex	/workspace/scratch/abee77e7d011/android-qualification-6/valid/rish_shizuku.dex	bc5710ea1cc70f5365e136a0a28120c8b54fb9a838d37fb54671cabbf5a00977	20
profile-observations	/workspace/scratch/abee77e7d011/catfood-predecessor/docs/observations/miro-a1-graphics-rish-2026-10-05.tsv	/workspace/scratch/abee77e7d011/catfood-predecessor/docs/observations/miro-a1-graphics-rish-2026-10-05.tsv	bc35d1f963bce2737581aa96b38f0c08d40f21e87d7f4c25b5be84ff530082c9	3367
