schema	android-ndk-nativeactivity-apk-v2
package	org.isomorphisms.crystal.halite
version_code	6
abi	x86_64
native_library	libcrystal.so
native_sha256	89a5417681ca99e48a4379fb0a70d1e73bb08259c18432d5323173701988ea32
apk_sha256	dfa4dc6ed10fcadbcb14836022f213994bd1aeed79491c2aa49cc0c1f0e5d250
signer_cert_sha256	de9b1d47c5a65e6d46a204b79dd9ee566b9d3c9832ba81ebc4213d3392e92ff9
manifest_sha256	f3b8619053ac98ea39c1c6cd8267991a62c2e7148ab8b39368dc6394d4d8cf7b
tool_manifest_sha256	713dfdf634391eda57b535554f73fe37a0e041b5c9ab941ce39413a9c5acaf18
evidence_class	package-inspection
producer_execution	NOT_VERIFIED
