trial	scenario	expected	exit	result
first directory	valid	CAPTURED	0	PASS
first directory	adb-valid	CAPTURED	0	PASS
first directory	adb-server	ADB_HOST_SERVER_UNAVAILABLE	1	PASS
first directory	adb-connection	ANDROID_ADB_CONNECTION_UNAVAILABLE	1	PASS
first directory	frame-valid	CAPTURED	0	PASS
first directory	frame-header-only	INVALID_FRAME_FORMAT	0	PASS
first directory	zoom-valid	CAPTURED	0	PASS
first directory	zoom-missing	INSTRUMENTATION_GAP	1	PASS
first directory	zoom-stale	STALE_TELEMETRY	1	PASS
first directory	service	SHIZUKU_SERVICE_UNAVAILABLE	1	PASS
first directory	unauthorized	SHIZUKU_UNAUTHORIZED	1	PASS
first directory	termux	WRONG_CONTEXT	1	PASS
first directory	wrong-package	PACKAGE_NOT_INSTALLED_OR_AMBIGUOUS	1	PASS
first directory	no-pid	PID_ABSENT_OR_MULTIPLE	1	PASS
first directory	multiple-pid	PID_ABSENT_OR_MULTIPLE	1	PASS
first directory	changed-pid	PROCESS_CHANGED_OR_DISAPPEARED	1	PASS
first directory	swapped-apk	INSTALLED_ARTIFACT_MISMATCH	1	PASS
first directory	permission	PERMISSION_FAILURE	1	PASS
first directory	failed-producer	PRODUCER_FAILURE:observation:7	1	PASS
first directory	timeout	CAPTURE_TIMEOUT	1	PASS
first directory	interrupted	CAPTURE_INTERRUPTED_OR_SIGNAL	1	PASS
first directory	empty-log	EMPTY_OBSERVATION	1	PASS
second 'directory'	valid	CAPTURED	0	PASS
second 'directory'	adb-valid	CAPTURED	0	PASS
second 'directory'	adb-server	ADB_HOST_SERVER_UNAVAILABLE	1	PASS
second 'directory'	adb-connection	ANDROID_ADB_CONNECTION_UNAVAILABLE	1	PASS
second 'directory'	frame-valid	CAPTURED	0	PASS
second 'directory'	frame-header-only	INVALID_FRAME_FORMAT	0	PASS
second 'directory'	zoom-valid	CAPTURED	0	PASS
second 'directory'	zoom-missing	INSTRUMENTATION_GAP	1	PASS
second 'directory'	zoom-stale	STALE_TELEMETRY	1	PASS
second 'directory'	service	SHIZUKU_SERVICE_UNAVAILABLE	1	PASS
second 'directory'	unauthorized	SHIZUKU_UNAUTHORIZED	1	PASS
second 'directory'	termux	WRONG_CONTEXT	1	PASS
second 'directory'	wrong-package	PACKAGE_NOT_INSTALLED_OR_AMBIGUOUS	1	PASS
second 'directory'	no-pid	PID_ABSENT_OR_MULTIPLE	1	PASS
second 'directory'	multiple-pid	PID_ABSENT_OR_MULTIPLE	1	PASS
second 'directory'	changed-pid	PROCESS_CHANGED_OR_DISAPPEARED	1	PASS
second 'directory'	swapped-apk	INSTALLED_ARTIFACT_MISMATCH	1	PASS
second 'directory'	permission	PERMISSION_FAILURE	1	PASS
second 'directory'	failed-producer	PRODUCER_FAILURE:observation:7	1	PASS
second 'directory'	timeout	CAPTURE_TIMEOUT	1	PASS
second 'directory'	interrupted	CAPTURE_INTERRUPTED_OR_SIGNAL	1	PASS
second 'directory'	empty-log	EMPTY_OBSERVATION	1	PASS
