repository	old_owner	new_owner	repository_id	postcondition
mapping-class	isomorphisms	isomorphismes	1412391052	PASS
montesinos	isomorphisms	isomorphismes	1412394512	PASS
Bulatov-Goodman-Strauss	isomorphisms	isomorphismes	1412402847	PASS
regina	isomorphisms	isomorphismes	1412463768	PASS
VanKoughnett	isomorphisms	isomorphismes	1412475989	PASS
zakharevich	isomorphisms	isomorphismes	1412476795	PASS
snaith	isomorphisms	isomorphismes	1412477737	PASS
kirby-calculus	isomorphisms	isomorphismes	1412481397	PASS
morava	isomorphisms	isomorphismes	1412482666	PASS
goodwillie	isomorphisms	isomorphismes	1412483445	PASS
