case	state	exit	source_sha256	detail
control3	PASS	0	360b10330496e93df66cd369ce435a0cb28e145ee1a210fa0763011fe25e8dbc	checked_bytes_executed_actual_child_observed
invalid-local-call	PASS	1	d7f627c2305360eb6d9837750f0acb80aa296ac042525413e5bed4fcc1bfad31	local_type_error_rejected_before_effects
exception-recovery	BLOCKED	1	fb92ef7fa386e38c9ab6868be7972e7e66d0434bbbe9766608bcff26d3530584	required_frontend_capability_unavailable
guaranteed-cleanup	BLOCKED	1	e0780f7b838efe1ac24071aeb95a460834302239b27e1801b50a5edbd48be0a4	required_frontend_capability_unavailable
context-manager	BLOCKED	1	fc7a3fc078865d953a1befbee51694f4b07f8b6be4e8e8c0384e2ed81ef054c0	required_frontend_capability_unavailable
mapping-index	BLOCKED	1	b494da846e707a2fff8a4532b3301166159df626ee03648e3df72ecc58ce7138	required_frontend_capability_unavailable
mapping-construction	BLOCKED	1	baa957dda7d91970d468bcedc74854da097b32492e46a1db99a05ea74846b0a1	required_frontend_capability_unavailable
bounded-process-loop	BLOCKED	1	5120da8e00e3ea9ab5c16790c3504dc3ad6b7d2fe2734f126ed078e9da529a8c	required_frontend_capability_unavailable
grease-entrypoint	BLOCKED	127	2c1316d9cb1f1885ed24183aa4a48f8d4c4c560c582917341ab1ecf70c8e395a	qualification_not_granted
